"RK",TIERS,"PLAYER NAME",TEAM,"POS","BYE WEEK","UPSIDE ","BUST ","SOS SEASON","ECR VS. ADP"
"1",1,"Ja'Marr Chase",CIN,"WR1","6","5 out of 5","1 out of 5","4 out of 5 stars","+2"
"2",1,"Puka Nacua",LAR,"WR2","11","5 out of 5","2 out of 5","1 out of 5 stars","+2"
"3",1,"Bijan Robinson",ATL,"RB1","11","5 out of 5","1 out of 5","2 out of 5 stars","-1"
"4",1,"Jahmyr Gibbs",DET,"RB2","6","5 out of 5","1 out of 5","5 out of 5 stars","-3"
"5",1,"Jaxon Smith-Njigba",SEA,"WR3","11","5 out of 5","2 out of 5","3 out of 5 stars","+1"
"6",2,"Amon-Ra St. Brown",DET,"WR4","6","5 out of 5","1 out of 5","4 out of 5 stars","+2"
"7",2,"CeeDee Lamb",DAL,"WR5","14","4 out of 5","2 out of 5","2 out of 5 stars","+5"
"8",2,"Justin Jefferson",MIN,"WR6","6","4 out of 5","2 out of 5","5 out of 5 stars","+5"
"9",2,"Christian McCaffrey",SF,"RB3","8","4 out of 5","4 out of 5","2 out of 5 stars","-4"
"10",2,"Drake London",ATL,"WR7","11","5 out of 5","3 out of 5","3 out of 5 stars","+7"
"11",2,"Jonathan Taylor",IND,"RB4","13","4 out of 5","3 out of 5","4 out of 5 stars","-4"
"12",3,"A.J. Brown",NE,"WR8","11","5 out of 5","2 out of 5","2 out of 5 stars","+8"
"13",3,"Chris Olave",NO,"WR9","8","4 out of 5","4 out of 5","3 out of 5 stars","+15"
"14",3,"Nico Collins",HOU,"WR10","8","4 out of 5","3 out of 5","3 out of 5 stars","+11"
"15",3,"Ashton Jeanty",LV,"RB5","13","5 out of 5","2 out of 5","2 out of 5 stars","-5"
"16",3,"Chase Brown",CIN,"RB6","6","5 out of 5","2 out of 5","2 out of 5 stars","-1"
"17",3,"Brock Bowers",LV,"TE1","13","5 out of 5","1 out of 5","3 out of 5 stars","+5"
"18",3,"James Cook III",BUF,"RB7","7","5 out of 5","2 out of 5","2 out of 5 stars","-9"
"19",3,"George Pickens",DAL,"WR11","14","4 out of 5","4 out of 5","2 out of 5 stars","+5"
"20",3,"Trey McBride",ARI,"TE2","14","4 out of 5","3 out of 5","2 out of 5 stars","+1"
"21",3,"De'Von Achane",MIA,"RB8","6","4 out of 5","4 out of 5","3 out of 5 stars","-10"
"22",4,"Rashee Rice",KC,"WR12","5","5 out of 5","4 out of 5","2 out of 5 stars","+4"
"23",4,"Josh Allen",BUF,"QB1","7","5 out of 5","1 out of 5","3 out of 5 stars","0"
"24",4,"DeVonta Smith",PHI,"WR13","10","4 out of 5","2 out of 5","4 out of 5 stars","+10"
"25",4,"Malik Nabers",NYG,"WR14","8","4 out of 5","4 out of 5","4 out of 5 stars","+4"
"26",4,"Omarion Hampton",LAC,"RB9","7","5 out of 5","2 out of 5","3 out of 5 stars","-8"
"27",4,"Saquon Barkley",PHI,"RB10","10","4 out of 5","3 out of 5","4 out of 5 stars","-13"
"28",4,"Drake Maye",NE,"QB2","11","5 out of 5","1 out of 5","2 out of 5 stars","+25"
"29",4,"Lamar Jackson",BAL,"QB3","13","4 out of 5","3 out of 5","3 out of 5 stars","+12"
"30",4,"Zay Flowers",BAL,"WR15","13","5 out of 5","2 out of 5","4 out of 5 stars","+5"
"31",4,"Tetairoa McMillan",CAR,"WR16","5","3 out of 5","3 out of 5","2 out of 5 stars","+6"
"32",4,"Garrett Wilson",NYJ,"WR17","13","4 out of 5","4 out of 5","4 out of 5 stars","+8"
"33",5,"Ladd McConkey",LAC,"WR18","7","4 out of 5","3 out of 5","2 out of 5 stars","+11"
"34",5,"Jaylen Waddle",DEN,"WR19","10","4 out of 5","3 out of 5","2 out of 5 stars","+14"
"35",5,"Kenneth Walker III",KC,"RB11","5","4 out of 5","4 out of 5","3 out of 5 stars","-16"
"36",5,"Derrick Henry",BAL,"RB12","13","4 out of 5","2 out of 5","3 out of 5 stars","-20"
"37",5,"Tee Higgins",CIN,"WR20","6","5 out of 5","2 out of 5","4 out of 5 stars","+5"
"38",5,"Breece Hall",NYJ,"RB13","13","4 out of 5","3 out of 5","3 out of 5 stars","-5"
"39",5,"Colston Loveland",CHI,"TE3","10","5 out of 5","3 out of 5","2 out of 5 stars","+4"
"40",5,"Kyren Williams",LAR,"RB14","11","4 out of 5","2 out of 5","5 out of 5 stars","-10"
"41",5,"Josh Jacobs",GB,"RB15","11","4 out of 5","4 out of 5","4 out of 5 stars","-9"
"42",5,"Jeremiyah Love",ARI,"RB16","14","5 out of 5","3 out of 5","2 out of 5 stars","-15"
"43",5,"Terry McLaurin",WAS,"WR21","7","4 out of 5","2 out of 5","2 out of 5 stars","+11"
"44",6,"Emeka Egbuka",TB,"WR22","10","5 out of 5","3 out of 5","4 out of 5 stars","-5"
"45",6,"Travis Etienne Jr.",NO,"RB17","8","4 out of 5","4 out of 5","3 out of 5 stars","-7"
"46",6,"Luther Burden III",CHI,"WR23","10","4 out of 5","4 out of 5","3 out of 5 stars","+10"
"47",6,"Davante Adams",LAR,"WR24","11","3 out of 5","4 out of 5","1 out of 5 stars","+2"
"48",6,"Javonte Williams",DAL,"RB18","14","4 out of 5","4 out of 5","4 out of 5 stars","-17"
"49",6,"Jameson Williams",DET,"WR25","6","4 out of 5","3 out of 5","4 out of 5 stars","+9"
"50",6,"Joe Burrow",CIN,"QB4","6","4 out of 5","3 out of 5","3 out of 5 stars","+5"
"51",6,"Jayden Daniels",WAS,"QB5","7","4 out of 5","4 out of 5","2 out of 5 stars","+11"
"52",6,"Bucky Irving",TB,"RB19","10","2 out of 5","4 out of 5","2 out of 5 stars","-7"
"53",6,"Mike Evans",SF,"WR26","8","4 out of 5","3 out of 5","2 out of 5 stars","+11"
"54",6,"TreVeyon Henderson",NE,"RB20","11","4 out of 5","3 out of 5","2 out of 5 stars","+3"
"55",6,"Christian Watson",GB,"WR27","11","4 out of 5","4 out of 5","5 out of 5 stars","+11"
"56",6,"Cam Skattebo",NYG,"RB21","8","4 out of 5","4 out of 5","4 out of 5 stars","-20"
"57",6,"Jalen Hurts",PHI,"QB6","10","4 out of 5","3 out of 5","5 out of 5 stars","+6"
"58",6,"Tyler Warren",IND,"TE4","13","5 out of 5","2 out of 5","3 out of 5 stars","-7"
"59",6,"DJ Moore",BUF,"WR28","7","4 out of 5","2 out of 5","4 out of 5 stars","-7"
"60",7,"D'Andre Swift",CHI,"RB22","10","3 out of 5","3 out of 5","2 out of 5 stars","-13"
"61",7,"Quinshon Judkins",CLE,"RB23","11","4 out of 5","4 out of 5","3 out of 5 stars","-15"
"62",7,"Justin Herbert",LAC,"QB7","7","5 out of 5","2 out of 5","2 out of 5 stars","+24"
"63",7,"Rome Odunze",CHI,"WR29","10","4 out of 5","3 out of 5","3 out of 5 stars","-3"
"64",7,"Courtland Sutton",DEN,"WR30","10","2 out of 5","4 out of 5","2 out of 5 stars","+12"
"65",7,"David Montgomery",HOU,"RB24","8","4 out of 5","2 out of 5","4 out of 5 stars","-15"
"66",7,"Caleb Williams",CHI,"QB8","10","4 out of 5","2 out of 5","3 out of 5 stars","+8"
"67",7,"Brian Thomas Jr.",JAC,"WR31","7","2 out of 5","4 out of 5","4 out of 5 stars","+11"
"68",7,"DK Metcalf",PIT,"WR32","9","4 out of 5","4 out of 5","3 out of 5 stars","+11"
"69",7,"Harold Fannin Jr.",CLE,"TE5","11","4 out of 5","3 out of 5","3 out of 5 stars","-4"
"70",7,"Jaylen Warren",PIT,"RB25","9","4 out of 5","4 out of 5","2 out of 5 stars","+1"
"71",7,"Parker Washington",JAC,"WR33","7","4 out of 5","3 out of 5","4 out of 5 stars","-1"
"72",7,"Tucker Kraft",GB,"TE6","11","5 out of 5","3 out of 5","2 out of 5 stars","-4"
"73",7,"Chris Godwin Jr.",TB,"WR34","10","4 out of 5","4 out of 5","4 out of 5 stars","+22"
"74",7,"Bhayshul Tuten",JAC,"RB26","7","4 out of 5","3 out of 5","4 out of 5 stars","-15"
"75",7,"Marvin Harrison Jr.",ARI,"WR35","14","3 out of 5","4 out of 5","2 out of 5 stars","-2"
"76",7,"Michael Pittman Jr.",PIT,"WR36","9","4 out of 5","3 out of 5","3 out of 5 stars","+17"
"77",7,"Trevor Lawrence",JAC,"QB9","7","5 out of 5","2 out of 5","4 out of 5 stars","+6"
"78",7,"Jadarian Price",SEA,"RB27","11","4 out of 5","4 out of 5","4 out of 5 stars","-17"
"79",7,"Dak Prescott",DAL,"QB10","14","4 out of 5","2 out of 5","2 out of 5 stars","-4"
"80",7,"Carnell Tate",TEN,"WR37","9","4 out of 5","3 out of 5","3 out of 5 stars","-8"
"81",7,"Wan'Dale Robinson",TEN,"WR38","9","4 out of 5","3 out of 5","3 out of 5 stars","+15"
"82",7,"Kyle Pitts Sr.",ATL,"TE7","11","4 out of 5","4 out of 5","3 out of 5 stars","-15"
"83",8,"Tony Pollard",TEN,"RB28","9","4 out of 5","3 out of 5","3 out of 5 stars","-2"
"84",8,"Rhamondre Stevenson",NE,"RB29","11","4 out of 5","3 out of 5","2 out of 5 stars","-7"
"85",8,"Michael Wilson",ARI,"WR39","14","-","-","2 out of 5 stars","0"
"86",8,"RJ Harvey",DEN,"RB30","10","2 out of 5","4 out of 5","2 out of 5 stars","-4"
"87",8,"Rico Dowdle",PIT,"RB31","9","4 out of 5","4 out of 5","2 out of 5 stars","-7"
"88",8,"Quentin Johnston",LAC,"WR40","7","4 out of 5","4 out of 5","2 out of 5 stars","+16"
"89",8,"George Kittle",SF,"TE8","8","4 out of 5","4 out of 5","3 out of 5 stars","+2"
"90",8,"Sam LaPorta",DET,"TE9","6","4 out of 5","3 out of 5","3 out of 5 stars","-21"
"91",8,"Patrick Mahomes II",KC,"QB11","5","2 out of 5","4 out of 5","2 out of 5 stars","+11"
"92",8,"Jaxson Dart",NYG,"QB12","8","4 out of 5","4 out of 5","4 out of 5 stars","-3"
"93",8,"Josh Downs",IND,"WR41","13","4 out of 5","4 out of 5","4 out of 5 stars","+17"
"94",8,"Stefon Diggs",WAS,"WR42","7","4 out of 5","2 out of 5","2 out of 5 stars","+9"
"95",8,"Brock Purdy",SF,"QB13","8","4 out of 5","2 out of 5","1 out of 5 stars","+13"
"96",8,"Jakobi Meyers",JAC,"WR43","7","2 out of 5","3 out of 5","4 out of 5 stars","+17"
"97",8,"Kyle Monangai",CHI,"RB32","10","4 out of 5","4 out of 5","2 out of 5 stars","+2"
"98",8,"Jordan Addison",MIN,"WR44","6","4 out of 5","3 out of 5","5 out of 5 stars","+8"
"99",8,"Dalton Kincaid",BUF,"TE10","7","3 out of 5","4 out of 5","3 out of 5 stars","+22"
"100",8,"Jared Goff",DET,"QB14","6","4 out of 5","1 out of 5","5 out of 5 stars","+23"
"101",8,"Travis Kelce",KC,"TE11","5","2 out of 5","3 out of 5","4 out of 5 stars","-7"
"102",8,"Bo Nix",DEN,"QB15","10","4 out of 5","2 out of 5","3 out of 5 stars","+9"
"103",8,"Chuba Hubbard",CAR,"RB33","5","2 out of 5","4 out of 5","1 out of 5 stars","-16"
"104",8,"Jayden Reed",GB,"WR45","11","4 out of 5","4 out of 5","5 out of 5 stars","+15"
"105",8,"J.K. Dobbins",DEN,"RB34","10","4 out of 5","4 out of 5","2 out of 5 stars","-17"
"106",9,"Alec Pierce",IND,"WR46","13","4 out of 5","4 out of 5","4 out of 5 stars","-14"
"107",9,"Kenny Gainwell",TB,"RB35","10","4 out of 5","3 out of 5","2 out of 5 stars","-7"
"108",9,"Jonathon Brooks",CAR,"RB36","5","4 out of 5","4 out of 5","1 out of 5 stars","-24"
"109",9,"Rachaad White",WAS,"RB37","7","4 out of 5","2 out of 5","4 out of 5 stars","+9"
"110",9,"Matthew Stafford",LAR,"QB16","11","4 out of 5","2 out of 5","3 out of 5 stars","-20"
"111",9,"Blake Corum",LAR,"RB38","11","4 out of 5","4 out of 5","5 out of 5 stars","-10"
"112",9,"Aaron Jones Sr.",MIN,"RB39","6","1 out of 5","4 out of 5","4 out of 5 stars","+8"
"113",9,"Jake Ferguson",DAL,"TE12","14","2 out of 5","4 out of 5","2 out of 5 stars","-1"
"114",9,"Jordan Love",GB,"QB17","11","4 out of 5","2 out of 5","4 out of 5 stars","+33"
"115",9,"Khalil Shakir",BUF,"WR47","7","2 out of 5","4 out of 5","4 out of 5 stars","+22"
"116",9,"Tyler Shough",NO,"QB18","8","4 out of 5","2 out of 5","3 out of 5 stars","+33"
"117",9,"Kyler Murray",MIN,"QB19","6","4 out of 5","3 out of 5","5 out of 5 stars","+21"
"118",9,"Makai Lemon",PHI,"WR48","10","4 out of 5","3 out of 5","4 out of 5 stars","-1"
"119",9,"Dallas Goedert",PHI,"TE13","10","4 out of 5","3 out of 5","4 out of 5 stars","-4"
"120",9,"Baker Mayfield",TB,"QB20","10","3 out of 5","4 out of 5","2 out of 5 stars","+15"
"121",9,"Jacory Croskey-Merritt",WAS,"RB40","7","4 out of 5","4 out of 5","4 out of 5 stars","-14"
"122",9,"Jordan Mason",MIN,"RB41","6","4 out of 5","3 out of 5","4 out of 5 stars","-17"
"123",9,"Xavier Worthy",KC,"WR49","5","4 out of 5","4 out of 5","2 out of 5 stars","+6"
"124",9,"Deebo Samuel Sr.",SF,"WR50","8","4 out of 5","3 out of 5","2 out of 5 stars","+6"
"125",9,"Isaiah Likely",NYG,"TE14","8","4 out of 5","4 out of 5","3 out of 5 stars","-16"
"126",9,"Jalen Coker",CAR,"WR51","5","4 out of 5","3 out of 5","2 out of 5 stars","+18"
"127",9,"Malik Willis",MIA,"QB21","6","4 out of 5","4 out of 5","3 out of 5 stars","+39"
"128",9,"Woody Marks",HOU,"RB42","8","3 out of 5","4 out of 5","4 out of 5 stars","+12"
"129",9,"Jordyn Tyson",NO,"WR52","8","4 out of 5","5 out of 5","3 out of 5 stars","-5"
"130",9,"Tyler Allgeier",ARI,"RB43","14","3 out of 5","4 out of 5","2 out of 5 stars","+16"
"131",9,"Mark Andrews",BAL,"TE15","13","4 out of 5","4 out of 5","4 out of 5 stars","-5"
"132",9,"Tyjae Spears",TEN,"RB44","9","3 out of 5","4 out of 5","3 out of 5 stars","+13"
"133",9,"Zach Charbonnet",SEA,"RB45","11","3 out of 5","5 out of 5","4 out of 5 stars","+3"
"134",9,"Juwan Johnson",NO,"TE16","8","4 out of 5","2 out of 5","2 out of 5 stars","+20"
"135",9,"C.J. Stroud",HOU,"QB22","8","3 out of 5","4 out of 5","4 out of 5 stars","+45"
"136",10,"Sam Darnold",SEA,"QB23","11","1 out of 5","4 out of 5","4 out of 5 stars","+49"
"137",10,"KC Concepcion",CLE,"WR53","11","4 out of 5","3 out of 5","3 out of 5 stars","-9"
"138",10,"Dylan Sampson",CLE,"RB46","11","4 out of 5","2 out of 5","3 out of 5 stars","+55"
"139",10,"Alvin Kamara",NO,"RB47","8","2 out of 5","4 out of 5","3 out of 5 stars","+9"
"140",10,"Tyrone Tracy Jr.",NYG,"RB48","8","3 out of 5","4 out of 5","4 out of 5 stars","+3"
"141",10,"Romeo Doubs",NE,"WR54","11","4 out of 5","3 out of 5","2 out of 5 stars","-8"
"142",10,"Matthew Golden",GB,"WR55","11","3 out of 5","4 out of 5","5 out of 5 stars","-17"
"143",10,"Chris Rodriguez Jr.",JAC,"RB49","7","3 out of 5","4 out of 5","4 out of 5 stars","-2"
"144",10,"Jauan Jennings",MIN,"WR56","6","2 out of 5","4 out of 5","5 out of 5 stars","+57"
"145",10,"Cam Ward",TEN,"QB24","9","4 out of 5","4 out of 5","3 out of 5 stars","+64"
"146",10,"Brenton Strange",JAC,"TE17","7","4 out of 5","3 out of 5","3 out of 5 stars","+11"
"147",10,"Keaton Mitchell",LAC,"RB50","7","4 out of 5","4 out of 5","3 out of 5 stars","+12"
"148",10,"Houston Texans",HOU,"DST1","8","-","-","2 out of 5 stars","-50"
"149",10,"Jerry Jeudy",CLE,"WR57","11","2 out of 5","4 out of 5","3 out of 5 stars","+25"
"150",10,"Rashid Shaheed",SEA,"WR58","11","3 out of 5","4 out of 5","3 out of 5 stars","-8"
"151",10,"Hunter Henry",NE,"TE18","11","1 out of 5","4 out of 5","4 out of 5 stars","+4"
"152",10,"Denver Broncos",DEN,"DST2","10","-","-","4 out of 5 stars","-36"
"153",10,"Bryce Young",CAR,"QB25","5","2 out of 5","4 out of 5","2 out of 5 stars","+60"
"154",10,"Isiah Pacheco",DET,"RB51","6","3 out of 5","4 out of 5","5 out of 5 stars","-1"
"155",10,"Tre Tucker",LV,"WR59","13","4 out of 5","2 out of 5","2 out of 5 stars","+26"
"156",10,"Seattle Seahawks",SEA,"DST3","11","-","-","2 out of 5 stars","-34"
"157",10,"Braelon Allen",NYJ,"RB52","13","2 out of 5","4 out of 5","3 out of 5 stars","+43"
"158",10,"Los Angeles Rams",LAR,"DST4","11","-","-","2 out of 5 stars","-44"
"159",10,"De'Zhaun Stribling",SF,"WR60","8","3 out of 5","4 out of 5","2 out of 5 stars","-32"
"160",10,"Travis Hunter",JAC,"WR61","7","3 out of 5","4 out of 5","4 out of 5 stars","+59"
"161",10,"Daniel Jones",IND,"QB26","13","4 out of 5","4 out of 5","4 out of 5 stars","+17"
"162",10,"Chig Okonkwo",WAS,"TE19","7","4 out of 5","3 out of 5","1 out of 5 stars","+11"
"163",10,"Dalton Schultz",HOU,"TE20","8","3 out of 5","2 out of 5","4 out of 5 stars","+20"
"164",10,"Philadelphia Eagles",PHI,"DST5","10","-","-","0 out of 5 stars","-25"
"165",10,"Ryan Flournoy",DAL,"WR62","14","4 out of 5","2 out of 5","2 out of 5 stars","+82"
"166",10,"Tank Bigsby",PHI,"RB53","10","4 out of 5","2 out of 5","4 out of 5 stars","+3"
"167",11,"Brian Robinson Jr.",ATL,"RB54","11","2 out of 5","4 out of 5","2 out of 5 stars","-7"
"168",11,"Adonai Mitchell",NYJ,"WR63","13","4 out of 5","4 out of 5","4 out of 5 stars","+75"
"169",11,"Tre' Harris",LAC,"WR64","7","4 out of 5","2 out of 5","2 out of 5 stars","+66"
"170",11,"Denzel Boston",CLE,"WR65","11","4 out of 5","4 out of 5","3 out of 5 stars","-8"
"171",11,"Minnesota Vikings",MIN,"DST6","6","-","-","1 out of 5 stars","-13"
"172",11,"Kimani Vidal",LAC,"RB55","7","2 out of 5","4 out of 5","3 out of 5 stars","+73"
"173",11,"New England Patriots",NE,"DST7","11","-","-","3 out of 5 stars","-21"
"174",11,"Oronde Gadsden II",LAC,"TE21","7","3 out of 5","4 out of 5","4 out of 5 stars","+23"
"175",11,"Pat Bryant",DEN,"WR66","10","3 out of 5","4 out of 5","2 out of 5 stars","+77"
"176",11,"Jaylin Noel",HOU,"WR67","8","4 out of 5","4 out of 5","3 out of 5 stars","+74"
"177",11,"Kayshon Boutte",NE,"WR68","11","3 out of 5","4 out of 5","2 out of 5 stars","+62"
"178",11,"Jacksonville Jaguars",JAC,"DST8","7","-","-","3 out of 5 stars","-7"
"179",11,"Brandon Aubrey",DAL,"K1","14","4 out of 5","1 out of 5","2 out of 5 stars","-82"
"180",11,"T.J. Hockenson",MIN,"TE22","6","2 out of 5","4 out of 5","4 out of 5 stars","-19"
"181",11,"Troy Franklin",DEN,"WR69","10","1 out of 5","5 out of 5","2 out of 5 stars","+101"
"182",11,"Los Angeles Chargers",LAC,"DST9","7","-","-","3 out of 5 stars","-12"
"183",11,"Jonah Coleman",DEN,"RB56","10","4 out of 5","4 out of 5","2 out of 5 stars","-16"
"184",11,"Pittsburgh Steelers",PIT,"DST10","9","-","-","5 out of 5 stars","-33"
"185",11,"Sean Tucker",TB,"RB57","10","3 out of 5","4 out of 5","2 out of 5 stars","+61"
"186",11,"Ka'imi Fairbairn",HOU,"K2","8","5 out of 5","1 out of 5","2 out of 5 stars","-52"
"187",11,"Malik Washington",MIA,"WR70","6","2 out of 5","4 out of 5","3 out of 5 stars","+38"
"188",11,"Jalen McMillan",TB,"WR71","10","4 out of 5","3 out of 5","4 out of 5 stars","+17"
"189",11,"Cameron Dicker",LAC,"K3","7","5 out of 5","1 out of 5","2 out of 5 stars","-58"
"190",11,"Cam Little",JAC,"K4","7","-","-","4 out of 5 stars","-40"
"191",11,"Omar Cooper Jr.",NYJ,"WR72","13","4 out of 5","4 out of 5","4 out of 5 stars","+32"
"192",11,"Green Bay Packers",GB,"DST11","11","-","-","2 out of 5 stars","-6"
"193",11,"Jason Myers",SEA,"K5","11","4 out of 5","1 out of 5","4 out of 5 stars","-61"
"194",11,"Jalen Nailor",LV,"WR73","13","-","-","2 out of 5 stars","+4"
"195",11,"Ray Davis",BUF,"RB58","7","4 out of 5","4 out of 5","2 out of 5 stars","+43"
"196",11,"Tyler Loop",BAL,"K6","13","-","-","3 out of 5 stars","-17"
"197",11,"Jacoby Brissett",ARI,"QB27","14","2 out of 5","5 out of 5","2 out of 5 stars","+54"
"198",11,"Dontayvion Wicks",PHI,"WR74","10","4 out of 5","4 out of 5","4 out of 5 stars","+68"
"199",11,"James Conner",ARI,"RB59","14","3 out of 5","4 out of 5","2 out of 5 stars","+13"
"200",11,"Baltimore Ravens",BAL,"DST12","13","-","-","5 out of 5 stars","-44"
"201",11,"Eddy Pineiro",SF,"K7","8","4 out of 5","1 out of 5","5 out of 5 stars","-25"
"202",11,"MarShawn Lloyd",GB,"RB60","11","4 out of 5","4 out of 5","4 out of 5 stars","-15"
"203",11,"Tank Dell",HOU,"WR75","8","4 out of 5","4 out of 5","3 out of 5 stars","-35"
"204",11,"Emanuel Wilson",SEA,"RB61","11","3 out of 5","4 out of 5","4 out of 5 stars","+61"
"205",11,"Kansas City Chiefs",KC,"DST13","5","-","-","3 out of 5 stars","-13"
"206",12,"Jaylen Wright",MIA,"RB62","6","-","-","3 out of 5 stars","+53"
"207",12,"AJ Barner",SEA,"TE23","11","4 out of 5","2 out of 5","3 out of 5 stars","-18"
"208",12,"Evan McPherson",CIN,"K8","6","4 out of 5","2 out of 5","2 out of 5 stars","-14"
"209",12,"Darnell Mooney",NYG,"WR76","8","3 out of 5","4 out of 5","4 out of 5 stars","+51"
"210",12,"Cairo Santos",CHI,"K9","10","4 out of 5","3 out of 5","0 out of 5 stars","-11"
"211",12,"Chase McLaughlin",TB,"K10","10","4 out of 5","2 out of 5","3 out of 5 stars","-7"
"212",12,"Detroit Lions",DET,"DST14","6","-","-","5 out of 5 stars","-30"
"213",12,"Isaac TeSlaa",DET,"WR77","6","3 out of 5","4 out of 5","4 out of 5 stars","+27"
"214",12,"Chimere Dike",TEN,"WR78","9","1 out of 5","5 out of 5","3 out of 5 stars","+107"
"215",12,"Andy Borregales",NE,"K11","11","-","-","1 out of 5 stars","+18"
"216",12,"Cleveland Browns",CLE,"DST15","11","-","-","5 out of 5 stars","-10"
"217",12,"Elic Ayomanor",TEN,"WR79","9","1 out of 5","5 out of 5","3 out of 5 stars","+92"
"218",12,"Buffalo Bills",BUF,"DST16","7","-","-","3 out of 5 stars","-22"
"219",12,"Harrison Mevis",LAR,"K12","11","4 out of 5","2 out of 5","2 out of 5 stars","-55"
"220",12,"Terrance Ferguson",LAR,"TE24","11","4 out of 5","4 out of 5","4 out of 5 stars","-13"
"221",12,"Gunnar Helm",TEN,"TE25","9","3 out of 5","3 out of 5","3 out of 5 stars","+37"
"222",12,"Keon Coleman",BUF,"WR80","7","2 out of 5","4 out of 5","4 out of 5 stars","+41"
"223",12,"Aaron Rodgers",PIT,"QB28","9","1 out of 5","4 out of 5","2 out of 5 stars","-3"
"224",12,"Calvin Ridley",TEN,"WR81","9","2 out of 5","4 out of 5","3 out of 5 stars","-33"
"225",12,"Rashod Bateman",BAL,"WR82","13","3 out of 5","4 out of 5","4 out of 5 stars","+56"
"226",12,"Mike Washington Jr.",LV,"RB63","13","3 out of 5","4 out of 5","2 out of 5 stars","-49"
"227",12,"Jake Bates",DET,"K13","6","4 out of 5","2 out of 5","5 out of 5 stars","-64"
"228",12,"Geno Smith",NYJ,"QB29","13","2 out of 5","4 out of 5","4 out of 5 stars","+138"
"229",12,"Cooper Kupp",SEA,"WR83","11","3 out of 5","4 out of 5","3 out of 5 stars","-34"
"230",12,"Keenan Allen",IND,"WR84","13","3 out of 5","4 out of 5","4 out of 5 stars","-55"
"231",12,"Isaiah Davis",NYJ,"RB64","13","2 out of 5","4 out of 5","3 out of 5 stars","+221"
"232",12,"Kenyon Sadiq",NYJ,"TE26","13","4 out of 5","4 out of 5","4 out of 5 stars","-67"
"233",12,"Emmett Johnson",KC,"RB65","5","4 out of 5","4 out of 5","3 out of 5 stars","+1"
"234",12,"Justice Hill",BAL,"RB66","13","-","-","3 out of 5 stars","-4"
"235",12,"Xavier Legette",CAR,"WR85","5","2 out of 5","4 out of 5","2 out of 5 stars","+193"
"236",12,"George Holani",SEA,"RB67","11","3 out of 5","4 out of 5","4 out of 5 stars","+40"
"237",12,"Marvin Mims Jr.",DEN,"WR86","10","3 out of 5","4 out of 5","2 out of 5 stars","+56"
"238",12,"Pat Freiermuth",PIT,"TE27","9","3 out of 5","3 out of 5","2 out of 5 stars","-16"
"239",12,"Cyrus Allen",KC,"WR87","5","4 out of 5","4 out of 5","2 out of 5 stars","-36"
"240",12,"Jaydon Blue",DAL,"RB68","14","4 out of 5","4 out of 5","4 out of 5 stars","-4"
"241",12,"Ollie Gordon II",MIA,"RB69","6","3 out of 5","4 out of 5","3 out of 5 stars","+64"
"242",12,"Nicholas Singleton",TEN,"RB70","9","3 out of 5","4 out of 5","3 out of 5 stars","-1"
"243",12,"Trey Benson",ARI,"RB71","14","2 out of 5","4 out of 5","2 out of 5 stars","+82"
"244",12,"Zachariah Branch",ATL,"WR88","11","2 out of 5","4 out of 5","3 out of 5 stars","-12"
"245",12,"Chris Boswell",PIT,"K14","9","-","-","4 out of 5 stars","-35"
"246",12,"Cade Otton",TB,"TE28","10","3 out of 5","4 out of 5","2 out of 5 stars","-20"
"247",12,"Devin Neal",NO,"RB72","8","2 out of 5","4 out of 5","3 out of 5 stars","+82"
"248",12,"Ty Johnson",BUF,"RB73","7","-","-","2 out of 5 stars","+55"
"249",12,"David Njoku",LAC,"TE29","7","4 out of 5","4 out of 5","4 out of 5 stars","-38"
"250",13,"Darius Slayton",NYG,"WR89","8","3 out of 5","4 out of 5","4 out of 5 stars","+162"
"251",13,"Harrison Butker",KC,"K15","5","-","-","5 out of 5 stars","-67"
"252",13,"Jack Bech",LV,"WR90","13","3 out of 5","4 out of 5","2 out of 5 stars","+42"
"253",13,"Brandon Aiyuk",SF,"WR91","8","2 out of 5","5 out of 5","2 out of 5 stars","+42"
"254",13,"LeQuint Allen Jr.",JAC,"RB74","7","2 out of 5","4 out of 5","4 out of 5 stars","+131"
"255",13,"Wil Lutz",DEN,"K16","10","-","-","1 out of 5 stars","-39"
"256",13,"Mack Hollins",NE,"WR92","11","-","-","2 out of 5 stars","+77"
"257",13,"Najee Harris",NYG,"RB75","8","2 out of 5","4 out of 5","4 out of 5 stars","+14"
"258",13,"Tory Horton",SEA,"WR93","11","4 out of 5","4 out of 5","3 out of 5 stars","+39"
"259",13,"Tyquan Thornton",KC,"WR94","5","2 out of 5","5 out of 5","2 out of 5 stars","+140"
"260",13,"Theo Johnson",NYG,"TE30","8","1 out of 5","5 out of 5","3 out of 5 stars","+51"
"261",13,"Evan Engram",DEN,"TE31","10","-","-","4 out of 5 stars","+86"
"262",13,"Tyreek Hill",FA,"WR95","-","1 out of 5","5 out of 5","-","-44"
"263",13,"Kyle Williams",NE,"WR96","11","-","-","2 out of 5 stars","+12"
"264",13,"Colby Parkinson",LAR,"TE32","11","-","-","4 out of 5 stars","+35"
"265",13,"Mason Taylor",NYJ,"TE33","13","1 out of 5","4 out of 5","4 out of 5 stars","+23"
"266",13,"Malik Davis",DAL,"RB76","14","-","-","4 out of 5 stars","+139"
"267",13,"Germie Bernard",PIT,"WR97","9","3 out of 5","4 out of 5","3 out of 5 stars","-18"
"268",13,"Kaytron Allen",WAS,"RB77","7","3 out of 5","4 out of 5","4 out of 5 stars","-13"
"269",13,"Tua Tagovailoa",ATL,"QB30","11","1 out of 5","4 out of 5","4 out of 5 stars","+21"
"270",13,"Greg Dulcich",MIA,"TE34","6","4 out of 5","4 out of 5","5 out of 5 stars","-55"
"271",13,"Kaleb Johnson",PIT,"RB78","9","1 out of 5","5 out of 5","2 out of 5 stars","-4"
"272",13,"Michael Penix Jr.",ATL,"QB31","11","1 out of 5","5 out of 5","4 out of 5 stars","+14"
"273",13,"Devaughn Vele",NO,"WR98","8","-","-","3 out of 5 stars","+1"
"274",13,"Brashard Smith",KC,"RB79","5","-","-","3 out of 5 stars","+32"
"275",13,"Joe Mixon",FA,"RB80","-","-","-","-","+35"
"276",13,"Kendre Miller",NO,"RB81","8","2 out of 5","4 out of 5","3 out of 5 stars","+65"
"277",13,"Atlanta Falcons",ATL,"DST17","11","-","-","4 out of 5 stars","-35"
"278",13,"Fernando Mendoza",LV,"QB32","13","4 out of 5","3 out of 5","1 out of 5 stars","-70"
"279",13,"Demond Claiborne",MIN,"RB82","6","3 out of 5","4 out of 5","4 out of 5 stars","-18"
"280",13,"Andrei Iosivas",CIN,"WR99","6","-","-","4 out of 5 stars","+115"
"281",13,"Ted Hurst III",TB,"WR100","10","4 out of 5","4 out of 5","4 out of 5 stars","+2"
"282",13,"Caleb Douglas",MIA,"WR101","6","2 out of 5","4 out of 5","3 out of 5 stars","-68"
"283",13,"Isaiah Bond",CLE,"WR102","11","-","-","3 out of 5 stars","+118"
"284",13,"DJ Giddens",IND,"RB83","13","2 out of 5","4 out of 5","4 out of 5 stars","+20"
"285",13,"Christian Kirk",SF,"WR103","8","3 out of 5","4 out of 5","2 out of 5 stars","-31"
"286",13,"Ja'Kobi Lane",BAL,"WR104","13","3 out of 5","4 out of 5","4 out of 5 stars","-114"
"287",13,"Charlie Smyth",NO,"K17","8","-","-","5 out of 5 stars","+31"
"288",13,"Jaleel McLaughlin",DEN,"RB84","10","-","-","2 out of 5 stars","+317"
"289",13,"Chris Brooks",GB,"RB85","11","2 out of 5","4 out of 5","4 out of 5 stars","+103"
"290",13,"Indianapolis Colts",IND,"DST18","13","-","-","5 out of 5 stars","-10"
"291",13,"Isaac Guerendo",SF,"RB86","8","-","-","2 out of 5 stars","-"
"292",13,"Malachi Fields",NYG,"WR105","8","4 out of 5","4 out of 5","4 out of 5 stars","-71"
"293",13,"Darren Waller",CAR,"TE35","5","-","-","2 out of 5 stars","+122"
"294",13,"San Francisco 49ers",SF,"DST19","8","-","-","3 out of 5 stars","-77"
"295",13,"Chris Bell",MIA,"WR106","6","3 out of 5","4 out of 5","3 out of 5 stars","-25"
"296",13,"J.J. McCarthy",MIN,"QB33","6","-","-","5 out of 5 stars","-39"
"297",13,"Antonio Williams",WAS,"WR107","7","4 out of 5","2 out of 5","2 out of 5 stars","-53"
"298",13,"Xavier Hutchinson",HOU,"WR108","8","-","-","3 out of 5 stars","+268"
"299",13,"Devin Singletary",NYG,"RB87","8","-","-","4 out of 5 stars","-1"
"300",13,"New Orleans Saints",NO,"DST20","8","-","-","5 out of 5 stars","-71"
"301",13,"Mike Gesicki",CIN,"TE36","6","-","-","3 out of 5 stars","+42"
"302",13,"Hollywood Brown",PHI,"WR109","10","-","-","4 out of 5 stars","+21"
"303",13,"Elijah Sarratt",BAL,"WR110","13","4 out of 5","4 out of 5","4 out of 5 stars","-11"
"304",13,"Samaje Perine",CIN,"RB88","6","2 out of 5","4 out of 5","2 out of 5 stars","-20"
"305",14,"Kaelon Black",SF,"RB89","8","3 out of 5","4 out of 5","2 out of 5 stars","-81"
"306",14,"Shedeur Sanders",CLE,"QB34","11","3 out of 5","4 out of 5","4 out of 5 stars","-50"
"307",14,"Konata Mumpfield",LAR,"WR111","11","-","-","1 out of 5 stars","+69"
"308",14,"Deshaun Watson",CLE,"QB35","11","1 out of 5","5 out of 5","4 out of 5 stars","+64"
"309",14,"Tez Johnson",TB,"WR112","10","-","-","4 out of 5 stars","+253"
"310",14,"Will Reichard",MIN,"K18","6","-","-","2 out of 5 stars","-122"
"311",14,"Jerome Ford",WAS,"RB90","7","2 out of 5","4 out of 5","4 out of 5 stars","-"
"312",14,"Trevor Etienne",CAR,"RB91","5","-","-","1 out of 5 stars","+226"
"313",14,"Kirk Cousins",LV,"QB36","13","2 out of 5","4 out of 5","1 out of 5 stars","-13"
"314",14,"Darnell Washington",PIT,"TE37","9","-","-","2 out of 5 stars","-23"
"315",14,"Oscar Delp",NO,"TE38","8","4 out of 5","4 out of 5","2 out of 5 stars","+205"
"316",14,"Audric Estime",NO,"RB92","8","-","-","3 out of 5 stars","+45"
"317",14,"Emari Demercado",KC,"RB93","5","1 out of 5","5 out of 5","3 out of 5 stars","+41"
"318",14,"Seth McGowan",IND,"RB94","13","4 out of 5","4 out of 5","4 out of 5 stars","+130"
"319",14,"Eli Stowers",PHI,"TE39","10","4 out of 5","4 out of 5","4 out of 5 stars","-47"
"320",14,"Jordan James",SF,"RB95","8","2 out of 5","4 out of 5","2 out of 5 stars","-83"
"321",14,"Noah Gray",KC,"TE40","5","-","-","4 out of 5 stars","+29"
"322",14,"Elijah Arroyo",SEA,"TE41","11","-","-","3 out of 5 stars","-3"
"323",14,"Chicago Bears",CHI,"DST21","10","-","-","2 out of 5 stars","-121"
"324",14,"Calvin Austin III",NYG,"WR113","8","-","-","4 out of 5 stars","+154"
"325",14,"Bam Knight",ARI,"RB96","14","-","-","2 out of 5 stars","-"
"326",14,"Jake Tonges",SF,"TE42","8","-","-","3 out of 5 stars","-58"
"327",14,"Adam Randall",BAL,"RB97","13","3 out of 5","4 out of 5","3 out of 5 stars","+179"
"328",14,"Jarquez Hunter",LAR,"RB98","11","-","-","5 out of 5 stars","+43"
"329",14,"Luke McCaffrey",WAS,"WR114","7","-","-","2 out of 5 stars","+3"
"330",14,"John Metchie III",CAR,"WR115","5","-","-","2 out of 5 stars","+110"
"331",14,"Mac Jones",SF,"QB37","8","-","-","1 out of 5 stars","-3"
"332",14,"Olamide Zaccheaus",ATL,"WR116","11","-","-","3 out of 5 stars","+190"
"333",14,"Joshua Palmer",BUF,"WR117","7","-","-","4 out of 5 stars","-21"
"334",14,"Cedric Tillman",CLE,"WR118","11","-","-","3 out of 5 stars","+249"
"335",14,"Tahj Brooks",CIN,"RB99","6","-","-","2 out of 5 stars","+147"
"336",14,"Jalen Royals",KC,"WR119","5","-","-","2 out of 5 stars","+232"
"337",14,"John Bates",WAS,"TE43","7","-","-","1 out of 5 stars","-"
"338",14,"Kareem Hunt",FA,"RB100","-","-","-","-","-16"
"339",14,"Jalen Tolbert",MIA,"WR120","6","-","-","3 out of 5 stars","-38"
"340",14,"Jahan Dotson",ATL,"WR121","11","-","-","3 out of 5 stars","+107"
"341",14,"Skyler Bell",BUF,"WR122","7","-","-","4 out of 5 stars","+13"
"342",14,"Will Shipley",PHI,"RB101","10","-","-","4 out of 5 stars","+170"
"343",14,"DeMario Douglas",NE,"WR123","11","-","-","2 out of 5 stars","+134"
"344",14,"Kendrick Bourne",ARI,"WR124","14","-","-","2 out of 5 stars","+228"
"345",14,"Dont'e Thornton Jr.",LV,"WR125","13","-","-","2 out of 5 stars","+220"
"346",14,"Tommy Myers",FA,"TE44","-","-","-","-","-"
"347",14,"Cole Kmet",CHI,"TE45","10","-","-","2 out of 5 stars","-51"
"348",14,"Carson Beck",ARI,"QB38","14","-","-","2 out of 5 stars","-46"
"349",15,"Michael Carter",TEN,"RB102","9","-","-","3 out of 5 stars","-"
"350",15,"Brenen Thompson",LAC,"WR126","7","-","-","2 out of 5 stars","+207"
"351",15,"Erick All Jr.",CIN,"TE46","6","-","-","3 out of 5 stars","-"
"352",15,"Anthony Richardson Sr.",IND,"QB39","13","-","-","4 out of 5 stars","+197"
"353",15,"Zane Gonzalez",FA,"K19","-","-","-","-","+179"
"354",15,"Raheim Sanders",CLE,"RB103","11","-","-","3 out of 5 stars","+202"
"355",15,"Tyler Higbee",LAR,"TE47","11","-","-","4 out of 5 stars","-28"
"356",15,"Jaylin Lane",WAS,"WR127","7","-","-","2 out of 5 stars","+180"
"357",15,"Michael Mayer",LV,"TE48","13","-","-","3 out of 5 stars","+64"
"358",15,"Miami Dolphins",MIA,"DST22","6","-","-","3 out of 5 stars","-51"
"359",15,"Joe Milton III",DAL,"QB40","14","-","-","2 out of 5 stars","+20"
"360",15,"Tyler Bass",BUF,"K20","7","-","-","2 out of 5 stars","-107"
"361",15,"Ja'Tavion Sanders",CAR,"TE49","5","-","-","2 out of 5 stars","-21"
"362",15,"Jawhar Jordan",HOU,"RB104","8","-","-","4 out of 5 stars","+128"
"363",15,"Chris Brazzell II",CAR,"WR128","5","-","-","2 out of 5 stars","+212"
"364",15,"Charlie Kolar",LAC,"TE50","7","-","-","4 out of 5 stars","+151"
"365",15,"Bryce Lance",NO,"WR129","8","-","-","3 out of 5 stars","+102"
"366",15,"Austin Ekeler",FA,"RB105","-","-","-","-","+251"
"367",15,"Eli Raridon",NE,"TE51","11","-","-","4 out of 5 stars","-30"
"368",15,"CJ Daniels",LAR,"WR130","11","-","-","1 out of 5 stars","+118"
"369",15,"Justin Fields",KC,"QB41","5","-","-","2 out of 5 stars","-55"
"370",15,"Savion Williams",GB,"WR131","11","-","-","5 out of 5 stars","-"
"371",15,"Max Klare",LAR,"TE52","11","-","-","4 out of 5 stars","+31"
"372",15,"Joe Flacco",CIN,"QB42","6","-","-","3 out of 5 stars","-55"
"373",15,"Justin Joly",DEN,"TE53","10","-","-","4 out of 5 stars","+168"
"374",15,"Treylon Burks",WAS,"WR132","7","-","-","2 out of 5 stars","+179"
"375",15,"Dawson Knox",BUF,"TE54","7","-","-","3 out of 5 stars","-55"
"376",15,"Mitchell Evans",CAR,"TE55","5","-","-","2 out of 5 stars","-"
"377",15,"Ty Simpson",LAR,"QB43","11","-","-","3 out of 5 stars","-88"
"378",15,"Luke Musgrave",GB,"TE56","11","-","-","2 out of 5 stars","-16"
"379",15,"Ben Sinnott",WAS,"TE57","7","-","-","1 out of 5 stars","+260"
"380",15,"Jackson Hawes",BUF,"TE58","7","-","-","3 out of 5 stars","+53"
